locus_tag	ftype	length_bp	gene	EC_number	COG	product
wDimm_00001	CDS	1047	hemE	4.1.1.37	COG0407	Uroporphyrinogen decarboxylase
wDimm_00002	CDS	1194	aatB	2.6.1.1	COG0436	Aspartate aminotransferase
wDimm_00003	CDS	1212				hypothetical protein
wDimm_00004	CDS	1278	glyA2	2.1.2.1		Serine hydroxymethyltransferase 2
wDimm_00005	CDS	135				hypothetical protein
wDimm_00006	CDS	975	dusB	1.3.1.-	COG0042	tRNA-dihydrouridine synthase B
wDimm_00007	CDS	1284				hypothetical protein
wDimm_00008	CDS	1230	serS	6.1.1.11	COG0172	Serine--tRNA ligase
wDimm_00009	CDS	1272	purD	6.3.4.13	COG0151	Phosphoribosylamine--glycine ligase
wDimm_00010	CDS	1563	guaA	6.3.5.2		GMP synthase [glutamine-hydrolyzing]
wDimm_00011	CDS	735				hypothetical protein
wDimm_00012	CDS	525				hypothetical protein
wDimm_00013	CDS	525	purN	2.1.2.2	COG0299	Phosphoribosylglycinamide formyltransferase
wDimm_00014	CDS	1311				hypothetical protein
wDimm_00015	CDS	1341		3.4.24.-	COG0612	putative zinc protease
wDimm_00016	CDS	480	lspA	3.4.23.36	COG0597	Lipoprotein signal peptidase
wDimm_00017	CDS	936	ribF		COG0196	Bifunctional riboflavin kinase/FMN adenylyltransferase
wDimm_00018	CDS	372				hypothetical protein
wDimm_00019	CDS	873				hypothetical protein
wDimm_00020	CDS	510		3.2.2.-	COG2094	Putative 3-methyladenine DNA glycosylase
wDimm_00021	CDS	1020				hypothetical protein
wDimm_00022	CDS	303				hypothetical protein
wDimm_00023	CDS	2832	uvrA			UvrABC system protein A
wDimm_00024	CDS	153				hypothetical protein
wDimm_00025	CDS	582	plsY	2.3.1.275	COG0344	Glycerol-3-phosphate acyltransferase
wDimm_00026	CDS	1470	alsT_1		COG1115	Amino-acid carrier protein AlsT
wDimm_00027	CDS	771				hypothetical protein
wDimm_00028	CDS	693	psd	4.1.1.65	COG0688	Phosphatidylserine decarboxylase proenzyme
wDimm_00029	CDS	690	tpiA	5.3.1.1		Triosephosphate isomerase
wDimm_00030	CDS	1239	ispDF		COG0245	Bifunctional enzyme IspD/IspF
wDimm_00031	CDS	150				hypothetical protein
wDimm_00032	CDS	153				hypothetical protein
wDimm_00033	CDS	1326				hypothetical protein
wDimm_00034	CDS	114				hypothetical protein
wDimm_00035	CDS	501	nqo2	7.1.1.-	COG1905	NADH-quinone oxidoreductase chain 2
wDimm_00036	CDS	1218	tgt	2.4.2.29		Queuine tRNA-ribosyltransferase
wDimm_00037	CDS	1509	mrpA		COG1009	Na(+)/H(+) antiporter subunit A
wDimm_00038	CDS	906				hypothetical protein
wDimm_00039	CDS	120				hypothetical protein
wDimm_00040	CDS	222				hypothetical protein
wDimm_00041	CDS	273	acpP		COG0236	Acyl carrier protein AcpP
wDimm_00042	CDS	1266	fabF	2.3.1.179	COG0304	3-oxoacyl-[acyl-carrier-protein] synthase 2
wDimm_00043	CDS	930				hypothetical protein
wDimm_00044	CDS	1482	gatA	6.3.5.7	COG0154	Glutamyl-tRNA(Gln) amidotransferase subunit A
wDimm_00045	tRNA	73				tRNA-Glu(ttc)
wDimm_00046	CDS	708	rnc	3.1.26.3		Ribonuclease 3
wDimm_00047	CDS	1047	pyrD	1.3.5.2	COG0167	Dihydroorotate dehydrogenase (quinone)
wDimm_00048	CDS	189				hypothetical protein
wDimm_00049	tRNA	72				tRNA-Cys(gca)
wDimm_00050	CDS	897	fbaB	4.1.2.13	COG1830	Fructose-bisphosphate aldolase class 1
wDimm_00051	CDS	147				hypothetical protein
wDimm_00052	CDS	393				hypothetical protein
wDimm_00053	CDS	360				hypothetical protein
wDimm_00054	CDS	138				hypothetical protein
wDimm_00055	CDS	153				hypothetical protein
wDimm_00056	CDS	1806	sdhA	1.3.5.1	COG1053	Succinate dehydrogenase flavoprotein subunit
wDimm_00057	CDS	2577				hypothetical protein
wDimm_00058	CDS	1332	pyrC	3.5.2.3	COG0044	Dihydroorotase
wDimm_00059	CDS	114				hypothetical protein
wDimm_00060	CDS	1329	gltX	6.1.1.17	COG0008	Glutamate--tRNA ligase
wDimm_00061	CDS	1353	miaB	2.8.4.3	COG0621	tRNA-2-methylthio-N(6)-dimethylallyladenosine synthase
wDimm_00062	CDS	3255	ileS	6.1.1.5	COG0060	Isoleucine--tRNA ligase
wDimm_00063	CDS	2745				hypothetical protein
wDimm_00064	CDS	2727	alaS	6.1.1.7	COG0013	Alanine--tRNA ligase
wDimm_00065	CDS	1122	prfA		COG0216	Peptide chain release factor 1
wDimm_00066	CDS	582	engB		COG0218	putative GTP-binding protein EngB
wDimm_00067	CDS	939	argB	2.7.2.8	COG0548	Acetylglutamate kinase
wDimm_00068	CDS	441	dut	3.6.1.23		Deoxyuridine 5'-triphosphate nucleotidohydrolase
wDimm_00069	CDS	633				hypothetical protein
wDimm_00070	CDS	426	ftsZ_1			Cell division protein FtsZ
wDimm_00071	CDS	717	ftsZ_2			Cell division protein FtsZ
wDimm_00072	CDS	144				hypothetical protein
wDimm_00073	CDS	477	ybeY	3.1.-.-		Endoribonuclease YbeY
wDimm_00074	CDS	789	sdhB	1.3.5.1	COG0479	Succinate dehydrogenase iron-sulfur subunit
wDimm_00075	CDS	1161				hypothetical protein
wDimm_00076	CDS	780				hypothetical protein
wDimm_00077	CDS	483	pgpA	3.1.3.27	COG1267	Phosphatidylglycerophosphatase A
wDimm_00078	CDS	984	gpsA	1.1.1.94	COG0240	Glycerol-3-phosphate dehydrogenase [NAD(P)+]
wDimm_00079	CDS	771	ctrA			Cell cycle response regulator CtrA
wDimm_00080	CDS	216				hypothetical protein
wDimm_00081	CDS	273	bcp	1.11.1.15	COG1225	Putative peroxiredoxin bcp
wDimm_00082	CDS	507	rimM		COG0806	Ribosome maturation factor RimM
wDimm_00083	CDS	567	efp			Elongation factor P
wDimm_00084	CDS	699	suhB	3.1.3.25	COG0483	Inositol-1-monophosphatase
wDimm_00085	CDS	1203	hemA	2.3.1.37	COG0156	5-aminolevulinate synthase
wDimm_00086	CDS	783				hypothetical protein
wDimm_00087	CDS	1911	htpG		COG0326	Chaperone protein HtpG
wDimm_00088	CDS	636	gph	3.1.3.18	COG0546	Phosphoglycolate phosphatase
wDimm_00089	CDS	495				hypothetical protein
wDimm_00090	CDS	108				hypothetical protein
wDimm_00091	CDS	624				hypothetical protein
wDimm_00092	CDS	1830	ftsH	3.4.24.-		ATP-dependent zinc metalloprotease FtsH
wDimm_00093	CDS	1299	tilS	6.3.4.19		tRNA(Ile)-lysidine synthase
wDimm_00094	CDS	483	pal			Peptidoglycan-associated lipoprotein
wDimm_00095	CDS	1428		3.4.17.19	COG2317	Thermostable carboxypeptidase 1
wDimm_00096	CDS	1077	mreB			Cell shape-determining protein MreB
wDimm_00097	CDS	1125	mnmA	2.8.1.13	COG0482	tRNA-specific 2-thiouridylase MnmA
wDimm_00098	CDS	378				hypothetical protein
wDimm_00099	CDS	1050				hypothetical protein
wDimm_00100	CDS	348	thcC			Rhodocoxin
wDimm_00101	CDS	1344	murD	6.3.2.9	COG0771	UDP-N-acetylmuramoylalanine--D-glutamate ligase
wDimm_00102	CDS	288				hypothetical protein
wDimm_00103	CDS	297				hypothetical protein
wDimm_00104	CDS	549	rsmD	2.1.1.171	COG0742	Ribosomal RNA small subunit methyltransferase D
wDimm_00105	CDS	639				hypothetical protein
wDimm_00106	CDS	3258				hypothetical protein
wDimm_00107	CDS	2949				hypothetical protein
wDimm_00108	CDS	2406				hypothetical protein
wDimm_00109	CDS	2547				hypothetical protein
wDimm_00110	CDS	2406	virB4_1		COG3451	Type IV secretion system protein virB4
wDimm_00111	CDS	294				hypothetical protein
wDimm_00112	CDS	1578	lysS	6.1.1.6	COG1384	Lysine--tRNA ligase
wDimm_00113	CDS	1392	fumC	4.2.1.2	COG0114	Fumarate hydratase class II
wDimm_00114	CDS	1524	purH		COG0138	Bifunctional purine biosynthesis protein PurH
wDimm_00115	CDS	189				hypothetical protein
wDimm_00116	CDS	888	miaA	2.5.1.75	COG0324	tRNA dimethylallyltransferase
wDimm_00117	CDS	471				hypothetical protein
wDimm_00118	CDS	1740	recJ	3.1.-.-	COG0608	Single-stranded-DNA-specific exonuclease RecJ
wDimm_00119	CDS	528	cycM		COG3474	Cytochrome c-552
wDimm_00120	CDS	753				hypothetical protein
wDimm_00121	CDS	2373	gyrB	5.6.2.2		DNA gyrase subunit B
wDimm_00122	CDS	192				hypothetical protein
wDimm_00123	CDS	111				hypothetical protein
wDimm_00124	tRNA	87				tRNA-Ser(gga)
wDimm_00125	CDS	630				hypothetical protein
wDimm_00126	CDS	534	ygfA	6.3.3.2	COG0212	5-formyltetrahydrofolate cyclo-ligase
wDimm_00127	CDS	393				hypothetical protein
wDimm_00128	CDS	2481	mutS		COG0249	DNA mismatch repair protein MutS
wDimm_00129	CDS	717				hypothetical protein
wDimm_00130	CDS	840	glyQ	6.1.1.14	COG0752	Glycine--tRNA ligase alpha subunit
wDimm_00131	CDS	2106	glyS	6.1.1.14	COG0751	Glycine--tRNA ligase beta subunit
wDimm_00132	CDS	1656	uvrC		COG0322	UvrABC system protein C
wDimm_00133	CDS	468	yrrK	3.1.-.-	COG0816	Putative pre-16S rRNA nuclease
wDimm_00134	CDS	1785	nrdZ	1.17.4.1		Vitamin B12-dependent ribonucleoside-diphosphate reductase
wDimm_00135	CDS	1050				hypothetical protein
wDimm_00136	rRNA	2775				23S ribosomal RNA
wDimm_00137	rRNA	101				5S ribosomal RNA
wDimm_00138	CDS	261				hypothetical protein
wDimm_00139	CDS	360	rnpA	3.1.26.5		Ribonuclease P protein component
wDimm_00140	CDS	1092	pstC1		COG0573	Phosphate transport system permease protein PstC 1
wDimm_00141	CDS	1419	atpD	7.1.2.2	COG0055	ATP synthase subunit beta
wDimm_00142	CDS	333	atpC			ATP synthase epsilon chain
wDimm_00143	CDS	642	tal	2.2.1.2	COG0176	Transaldolase
wDimm_00144	CDS	1029		1.18.1.2	COG0492	Ferredoxin--NADP reductase
wDimm_00145	CDS	1197	pgk/tpi		COG0126	Bifunctional PGK/TIM
wDimm_00146	CDS	417				hypothetical protein
wDimm_00147	CDS	1374	cysS	6.1.1.16	COG0215	Cysteine--tRNA ligase
wDimm_00148	CDS	660				hypothetical protein
wDimm_00149	CDS	657				hypothetical protein
wDimm_00150	CDS	168	tatA			Sec-independent protein translocase protein TatA
wDimm_00151	CDS	711	fbpC	7.2.2.7		Fe(3+) ions import ATP-binding protein FbpC
wDimm_00152	tRNA	75				tRNA-Arg(cct)
wDimm_00153	CDS	330				hypothetical protein
wDimm_00154	CDS	1467	mrpD		COG0651	Na(+)/H(+) antiporter subunit D
wDimm_00155	CDS	1119	mrdB	2.4.1.129	COG0772	Peptidoglycan glycosyltransferase MrdB
wDimm_00156	CDS	831	dapD	2.3.1.117		2,3,4,5-tetrahydropyridine-2,6-dicarboxylate N-succinyltransferase
wDimm_00157	CDS	285				hypothetical protein
wDimm_00158	CDS	381				hypothetical protein
wDimm_00159	CDS	1044				hypothetical protein
wDimm_00160	CDS	1362	gltX1	6.1.1.17		Glutamate--tRNA ligase 1
wDimm_00161	CDS	99				hypothetical protein
wDimm_00162	CDS	2283	carB_1			Carbamoyl-phosphate synthase large chain
wDimm_00163	CDS	1272	ctaA	1.3.-.-		Heme A synthase
wDimm_00164	CDS	477	atpF_1			ATP synthase subunit b
wDimm_00165	CDS	480	atpF_2			ATP synthase subunit b
wDimm_00166	CDS	228	atpH_1			ATP synthase subunit c
wDimm_00167	CDS	726	atpB		COG0356	ATP synthase subunit a
wDimm_00168	tRNA	76				tRNA-Thr(tgt)
wDimm_00169	CDS	171				hypothetical protein
wDimm_00170	CDS	2541	leuS	6.1.1.4		Leucine--tRNA ligase
wDimm_00171	CDS	621				hypothetical protein
wDimm_00172	CDS	486	dsbB			Disulfide bond formation protein B
wDimm_00173	CDS	1326	der			GTPase Der
wDimm_00174	CDS	192				hypothetical protein
wDimm_00175	CDS	1248	ftsA		COG0849	Cell division protein FtsA
wDimm_00176	CDS	537	def	3.5.1.88		Peptide deformylase
wDimm_00177	CDS	789				hypothetical protein
wDimm_00178	CDS	1485	guaB	1.1.1.205	COG0516	Inosine-5'-monophosphate dehydrogenase
wDimm_00179	CDS	213				hypothetical protein
wDimm_00180	CDS	2049	nqo3	7.1.1.-	COG1034	NADH-quinone oxidoreductase chain 3
wDimm_00181	CDS	1026	nuoH	7.1.1.-	COG1005	NADH-quinone oxidoreductase subunit H
wDimm_00182	tRNA	75				tRNA-Asn(gtt)
wDimm_00183	CDS	1200	rnd_1	3.1.13.5	COG0349	Ribonuclease D
wDimm_00184	CDS	450	coaE_1	2.7.1.24		Dephospho-CoA kinase
wDimm_00185	CDS	180	coaE_2	2.7.1.24		Dephospho-CoA kinase
wDimm_00186	CDS	1416				hypothetical protein
wDimm_00187	CDS	117				hypothetical protein
wDimm_00188	CDS	180				hypothetical protein
wDimm_00189	CDS	549	coq7	1.14.99.60	COG2941	3-demethoxyubiquinol 3-hydroxylase
wDimm_00190	CDS	507	ppa	3.6.1.1	COG0221	Inorganic pyrophosphatase
wDimm_00191	tRNA	93				tRNA-Ser(gct)
wDimm_00192	CDS	93				hypothetical protein
wDimm_00193	CDS	1143				hypothetical protein
wDimm_00194	CDS	1812				hypothetical protein
wDimm_00195	CDS	597	gmk	2.7.4.8	COG0194	Guanylate kinase
wDimm_00196	CDS	384	dksA			RNA polymerase-binding transcription factor DksA
wDimm_00197	CDS	648				hypothetical protein
wDimm_00198	CDS	519	rlmE	2.1.1.166	COG0293	Ribosomal RNA large subunit methyltransferase E
wDimm_00199	CDS	1239	bepC			Outer membrane efflux protein BepC
wDimm_00200	CDS	459	rplM		COG0102	50S ribosomal protein L13
wDimm_00201	CDS	447	rpsI		COG0103	30S ribosomal protein S9
wDimm_00202	CDS	312				hypothetical protein
wDimm_00203	CDS	708	pdxJ	2.6.99.2	COG0854	Pyridoxine 5'-phosphate synthase
wDimm_00204	CDS	1116	bamB		COG1520	Outer membrane protein assembly factor BamB
wDimm_00205	CDS	1389	lpd3	1.8.1.4	COG1249	Dihydrolipoyl dehydrogenase 3
wDimm_00206	CDS	927	xerD_1		COG4974	Tyrosine recombinase XerD
wDimm_00207	CDS	960	trxB	1.8.1.9	COG0492	Thioredoxin reductase
wDimm_00208	CDS	600	ahpC	1.11.1.15	COG0450	Alkyl hydroperoxide reductase C
wDimm_00209	CDS	1206	dapE	3.5.1.18	COG0624	Succinyl-diaminopimelate desuccinylase
wDimm_00210	CDS	1425				hypothetical protein
wDimm_00211	CDS	438			COG1146	Ferredoxin 1
wDimm_00212	CDS	90				hypothetical protein
wDimm_00213	CDS	204				hypothetical protein
wDimm_00214	CDS	99				hypothetical protein
wDimm_00215	CDS	468				hypothetical protein
wDimm_00216	CDS	207	rpmI		COG0291	50S ribosomal protein L35
wDimm_00217	CDS	366	rplT		COG0292	50S ribosomal protein L20
wDimm_00218	CDS	894	fmt	2.1.2.9	COG0223	Methionyl-tRNA formyltransferase
wDimm_00219	CDS	504				hypothetical protein
wDimm_00220	CDS	1347	carA	6.3.5.5	COG0505	Carbamoyl-phosphate synthase small chain
wDimm_00221	tRNA	85				tRNA-Tyr(gta)
wDimm_00222	tRNA	73				tRNA-Gly(tcc)
wDimm_00223	CDS	1173	tufA_1		COG0050	Elongation factor Tu
wDimm_00224	CDS	369	rpsJ		COG0051	30S ribosomal protein S10
wDimm_00225	CDS	726	rplC		COG0087	50S ribosomal protein L3
wDimm_00226	CDS	615	rplD			50S ribosomal protein L4
wDimm_00227	CDS	288	rplW		COG0089	50S ribosomal protein L23
wDimm_00228	CDS	825	rplB		COG0090	50S ribosomal protein L2
wDimm_00229	CDS	285	rpsS		COG0185	30S ribosomal protein S19
wDimm_00230	CDS	351	rplV		COG0091	50S ribosomal protein L22
wDimm_00231	CDS	621	rpsC		COG0092	30S ribosomal protein S3
wDimm_00232	CDS	414	rplP		COG0197	50S ribosomal protein L16
wDimm_00233	CDS	204	rpmC		COG0255	50S ribosomal protein L29
wDimm_00234	CDS	234	rpsQ		COG0186	30S ribosomal protein S17
wDimm_00235	CDS	360	rplN		COG0093	50S ribosomal protein L14
wDimm_00236	CDS	318	rplX			50S ribosomal protein L24
wDimm_00237	CDS	534	rplE			50S ribosomal protein L5
wDimm_00238	CDS	309	rpsN		COG0199	30S ribosomal protein S14
wDimm_00239	CDS	396	rpsH		COG0096	30S ribosomal protein S8
wDimm_00240	CDS	546	rplF		COG0097	50S ribosomal protein L6
wDimm_00241	CDS	381	rplR		COG0256	50S ribosomal protein L18
wDimm_00242	CDS	513	rpsE		COG0098	30S ribosomal protein S5
wDimm_00243	CDS	471	rplO		COG0200	50S ribosomal protein L15
wDimm_00244	CDS	1329	secY		COG0201	Protein translocase subunit SecY
wDimm_00245	CDS	651	adk	2.7.4.3	COG0563	Adenylate kinase
wDimm_00246	CDS	369	rpsM		COG0099	30S ribosomal protein S13
wDimm_00247	CDS	387	rpsK			30S ribosomal protein S11
wDimm_00248	CDS	1068	rpoA	2.7.7.6	COG0202	DNA-directed RNA polymerase subunit alpha
wDimm_00249	CDS	429	rplQ		COG0203	50S ribosomal protein L17
wDimm_00250	CDS	1017	pstS			Phosphate-binding protein PstS
wDimm_00251	CDS	537	ctaG		COG3175	Cytochrome c oxidase assembly protein CtaG
wDimm_00252	CDS	723	ybhL		COG0670	Inner membrane protein YbhL
wDimm_00253	CDS	774		2.1.1.-		Putative TrmH family tRNA/rRNA methyltransferase
wDimm_00254	CDS	570				hypothetical protein
wDimm_00255	CDS	543				hypothetical protein
wDimm_00256	rRNA	1499				16S ribosomal RNA
wDimm_00257	CDS	378				hypothetical protein
wDimm_00258	CDS	366				hypothetical protein
wDimm_00259	CDS	1251				hypothetical protein
wDimm_00260	CDS	1230	lolE		COG4591	Lipoprotein-releasing system transmembrane protein LolE
wDimm_00261	CDS	1353	algC	5.4.2.2	COG1109	Phosphomannomutase/phosphoglucomutase
wDimm_00262	CDS	105				hypothetical protein
wDimm_00263	CDS	825				hypothetical protein
wDimm_00264	CDS	747	yciK	1.-.-.-	COG1028	putative oxidoreductase YciK
wDimm_00265	CDS	3312	carB_2	6.3.5.5	COG0458	Carbamoyl-phosphate synthase large chain
wDimm_00266	tRNA	75				tRNA-Asp(gtc)
wDimm_00267	CDS	876	rpsB		COG0052	30S ribosomal protein S2
wDimm_00268	CDS	870	tsf		COG0264	Elongation factor Ts
wDimm_00269	CDS	747	pyrH	2.7.4.22	COG0528	Uridylate kinase
wDimm_00270	CDS	558	frr		COG0233	Ribosome-recycling factor
wDimm_00271	CDS	696	ispU	2.5.1.31	COG0020	Ditrans,polycis-undecaprenyl-diphosphate synthase ((2E,6E)-farnesyl-diphosphate specific)
wDimm_00272	CDS	627				hypothetical protein
wDimm_00273	CDS	222				hypothetical protein
wDimm_00274	CDS	345	coaD	2.7.7.3		Phosphopantetheine adenylyltransferase
wDimm_00275	tRNA	74				tRNA-Phe(gaa)
wDimm_00276	CDS	999				hypothetical protein
wDimm_00277	CDS	111				hypothetical protein
wDimm_00278	CDS	192				hypothetical protein
wDimm_00279	CDS	2664	ppdK	2.7.9.1	COG0574	Pyruvate, phosphate dikinase
wDimm_00280	CDS	117				hypothetical protein
wDimm_00281	CDS	930	glpX	3.1.3.11	COG1494	Fructose-1,6-bisphosphatase class 2
wDimm_00282	CDS	1101	ychF		COG0012	Ribosome-binding ATPase YchF
wDimm_00283	CDS	120				hypothetical protein
wDimm_00284	CDS	1275	cca	2.7.7.72		CCA-adding enzyme
wDimm_00285	CDS	144				hypothetical protein
wDimm_00286	CDS	789	apbC		COG0489	Iron-sulfur cluster carrier protein
wDimm_00287	CDS	1158	ubiL	1.14.13.-	COG0654	Ubiquinone hydroxylase UbiL
wDimm_00288	CDS	1167	mdtL			Multidrug resistance protein MdtL
wDimm_00289	CDS	168				hypothetical protein
wDimm_00290	CDS	1308	purA	6.3.4.4	COG0104	Adenylosuccinate synthetase
wDimm_00291	CDS	168				hypothetical protein
wDimm_00292	CDS	729				hypothetical protein
wDimm_00293	CDS	1380	dnaA_1		COG0593	Chromosomal replication initiator protein DnaA
wDimm_00294	CDS	537				hypothetical protein
wDimm_00295	CDS	1488	ubiD	4.1.1.98	COG0043	3-octaprenyl-4-hydroxybenzoate carboxy-lyase
wDimm_00296	CDS	204				hypothetical protein
wDimm_00297	CDS	204				hypothetical protein
wDimm_00298	CDS	2661	sucA	1.2.4.2	COG0567	2-oxoglutarate dehydrogenase E1 component
wDimm_00299	CDS	744	surE	3.1.3.5	COG0496	5'-nucleotidase SurE
wDimm_00300	CDS	2049	ligA	6.5.1.2	COG0272	DNA ligase
wDimm_00301	CDS	657		1.-.-.-	COG5424	putative oxidoreductase CT_610
wDimm_00302	CDS	402				hypothetical protein
wDimm_00303	CDS	1299				hypothetical protein
wDimm_00304	CDS	480	dhfR	1.5.1.3	COG0262	Dihydrofolate reductase
wDimm_00305	CDS	741	fbiB	6.3.2.34		Bifunctional F420 biosynthesis protein FbiB
wDimm_00306	CDS	1935	uvrB		COG0556	UvrABC system protein B
wDimm_00307	CDS	765	petC		COG2857	Cytochrome c1
wDimm_00308	CDS	1233	petB		COG1290	Cytochrome b
wDimm_00309	CDS	324	grxD		COG0278	Glutaredoxin 4
wDimm_00310	CDS	219			COG0271	putative protein RP812
wDimm_00311	CDS	1323	tme	1.1.1.40	COG0280	NADP-dependent malic enzyme
wDimm_00312	CDS	543	pgsA	2.7.8.5	COG0558	CDP-diacylglycerol--glycerol-3-phosphate 3-phosphatidyltransferase
wDimm_00313	CDS	120				hypothetical protein
wDimm_00314	CDS	147				hypothetical protein
wDimm_00315	CDS	738	bamD		COG4105	Outer membrane protein assembly factor BamD
wDimm_00316	CDS	741			COG0217	putative transcriptional regulatory protein
wDimm_00317	CDS	879	mepM	3.4.24.-	COG0739	Murein DD-endopeptidase MepM
wDimm_00318	CDS	1395				hypothetical protein
wDimm_00319	CDS	1797	lepA	3.6.5.-		Elongation factor 4
wDimm_00320	CDS	1284	ispG	1.17.7.3	COG0821	4-hydroxy-3-methylbut-2-en-1-yl diphosphate synthase (flavodoxin)
wDimm_00321	CDS	639				hypothetical protein
wDimm_00322	CDS	147				hypothetical protein
wDimm_00323	CDS	888	murB	1.3.1.98	COG0812	UDP-N-acetylenolpyruvoylglucosamine reductase
wDimm_00324	CDS	879	hemC	2.5.1.61	COG0181	Porphobilinogen deaminase
wDimm_00325	CDS	1515	secD		COG0342	Protein translocase subunit SecD
wDimm_00326	CDS	597	pyrE	2.4.2.10		Orotate phosphoribosyltransferase
wDimm_00327	CDS	1431	ubiB	2.7.-.-	COG0661	putative protein kinase UbiB
wDimm_00328	CDS	741	znuC	7.2.2.-	COG1121	Zinc import ATP-binding protein ZnuC
wDimm_00329	CDS	852	znuA		COG4531	High-affinity zinc uptake system protein ZnuA
wDimm_00330	CDS	108				hypothetical protein
wDimm_00331	CDS	420	ndk	2.7.4.6	COG0105	Nucleoside diphosphate kinase
wDimm_00332	CDS	801				hypothetical protein
wDimm_00333	CDS	1023	hemH	4.99.1.1	COG0276	Ferrochelatase
wDimm_00334	CDS	843				hypothetical protein
wDimm_00335	CDS	1161				hypothetical protein
wDimm_00336	CDS	555	hslV	3.4.25.2	COG5405	ATP-dependent protease subunit HslV
wDimm_00337	CDS	1491	hslU		COG1220	ATP-dependent protease ATPase subunit HslU
wDimm_00338	CDS	129				hypothetical protein
wDimm_00339	CDS	2595	polA	2.7.7.7		DNA polymerase I, thermostable
wDimm_00340	CDS	924				hypothetical protein
wDimm_00341	CDS	1428	tldD	3.4.-.-	COG0312	Metalloprotease TldD
wDimm_00342	tRNA	86				tRNA-Leu(cag)
wDimm_00343	CDS	180				hypothetical protein
wDimm_00344	CDS	810				hypothetical protein
wDimm_00345	CDS	780	xthA	3.1.11.2	COG0708	Exodeoxyribonuclease III
wDimm_00346	CDS	1371				hypothetical protein
wDimm_00347	CDS	132				hypothetical protein
wDimm_00348	CDS	192				hypothetical protein
wDimm_00349	CDS	2055				hypothetical protein
wDimm_00350	CDS	1482	degP	3.4.21.107	COG0265	Periplasmic serine endoprotease DegP
wDimm_00351	CDS	873	hflC		COG0330	Modulator of FtsH protease HflC
wDimm_00352	CDS	1035	hflK		COG0330	Modulator of FtsH protease HflK
wDimm_00353	CDS	1257				hypothetical protein
wDimm_00354	tRNA	75				tRNA-Gln(ttg)
wDimm_00355	CDS	552				hypothetical protein
wDimm_00356	CDS	1653	groL5			60 kDa chaperonin 5
wDimm_00357	CDS	291	groS		COG0234	10 kDa chaperonin
wDimm_00358	CDS	807	ygfZ			tRNA-modifying protein YgfZ
wDimm_00359	CDS	1359				hypothetical protein
wDimm_00360	CDS	1767	dnaG	2.7.7.-		DNA primase
wDimm_00361	CDS	1167	COQ3	2.1.1.222		Ubiquinone biosynthesis O-methyltransferase, mitochondrial
wDimm_00362	CDS	1536	metG	6.1.1.10		Methionine--tRNA ligase
wDimm_00363	CDS	1452	dnaC	3.6.4.12	COG0305	Replicative DNA helicase
wDimm_00364	tRNA	84				tRNA-Leu(caa)
wDimm_00365	CDS	555				hypothetical protein
wDimm_00366	CDS	183				hypothetical protein
wDimm_00367	CDS	558	dcd	3.5.4.13	COG0717	dCTP deaminase
wDimm_00368	CDS	129				hypothetical protein
wDimm_00369	CDS	2388	pheT	6.1.1.20	COG0072	Phenylalanine--tRNA ligase beta subunit
wDimm_00370	CDS	1113	dacA	3.4.16.4	COG1686	D-alanyl-D-alanine carboxypeptidase DacA
wDimm_00371	CDS	2541	valS	6.1.1.9		Valine--tRNA ligase
wDimm_00372	CDS	678	pyrF	4.1.1.23	COG0284	Orotidine 5'-phosphate decarboxylase
wDimm_00373	CDS	825	hemF	1.3.3.3	COG0408	Oxygen-dependent coproporphyrinogen-III oxidase
wDimm_00374	CDS	2481	rcsC	2.7.13.3		Sensor histidine kinase RcsC
wDimm_00375	CDS	189				hypothetical protein
wDimm_00376	CDS	255				hypothetical protein
wDimm_00377	tRNA	76				tRNA-Arg(acg)
wDimm_00378	CDS	1110	dnaJ		COG0484	Chaperone protein DnaJ
wDimm_00379	CDS	138				hypothetical protein
wDimm_00380	CDS	999	bfmBAB	1.2.4.4	COG0022	2-oxoisovalerate dehydrogenase subunit beta
wDimm_00381	CDS	1371			COG2239	Magnesium transporter MgtE
wDimm_00382	CDS	1017	prfB		COG1186	Peptide chain release factor RF2
wDimm_00383	CDS	1833	typA		COG1217	GTP-binding protein TypA/BipA 
wDimm_00384	CDS	987	gapB	1.2.1.59	COG0057	Glyceraldehyde-3-phosphate dehydrogenase 2
wDimm_00385	CDS	765	tatC		COG0805	Sec-independent protein translocase protein TatC
wDimm_00386	CDS	3066				hypothetical protein
wDimm_00387	CDS	438	rnhA	3.1.26.4	COG0328	Ribonuclease HI
wDimm_00388	CDS	888	ctaB	2.5.1.141	COG0109	Protoheme IX farnesyltransferase
wDimm_00389	CDS	1551	ctaD	1.9.3.1	COG0843	Cytochrome c oxidase subunit 1
wDimm_00390	CDS	765	ctaC	1.9.3.1	COG1622	Cytochrome c oxidase subunit 2
wDimm_00391	CDS	234				hypothetical protein
wDimm_00392	CDS	1443	prsE			Type I secretion system membrane fusion protein PrsE
wDimm_00393	CDS	735	fabG	1.1.1.100		3-oxoacyl-[acyl-carrier-protein] reductase FabG
wDimm_00394	CDS	348				hypothetical protein
wDimm_00395	CDS	1281	bepA	3.4.-.-		Beta-barrel assembly-enhancing protease
wDimm_00396	CDS	654	ribB	4.1.99.12	COG0108	3,4-dihydroxy-2-butanone 4-phosphate synthase
wDimm_00397	CDS	495	greA		COG0782	Transcription elongation factor GreA
wDimm_00398	CDS	1542	atpA	7.1.2.2	COG0056	ATP synthase subunit alpha
wDimm_00399	CDS	561	atpH_2		COG0712	ATP synthase subunit delta
wDimm_00400	CDS	156				hypothetical protein
wDimm_00401	CDS	699	ubiE	2.1.1.163	COG2226	Ubiquinone/menaquinone biosynthesis C-methyltransferase UbiE
wDimm_00402	CDS	117				hypothetical protein
wDimm_00403	CDS	132				hypothetical protein
wDimm_00404	CDS	1707		3.6.3.-	COG1132	Putative multidrug export ATP-binding/permease protein
wDimm_00405	CDS	1707	argS	6.1.1.19		Arginine--tRNA ligase
wDimm_00406	CDS	1296				hypothetical protein
wDimm_00407	CDS	927	rluC	5.4.99.24	COG0564	Ribosomal large subunit pseudouridine synthase C
wDimm_00408	CDS	984	acoA	1.1.1.-	COG1071	Acetoin:2,6-dichlorophenolindophenol oxidoreductase subunit alpha
wDimm_00409	CDS	432				hypothetical protein
wDimm_00410	CDS	510				hypothetical protein
wDimm_00411	CDS	1173	dxr	1.1.1.267		1-deoxy-D-xylulose 5-phosphate reductoisomerase
wDimm_00412	CDS	816	pstB	7.3.2.1		Phosphate import ATP-binding protein PstB
wDimm_00413	CDS	795	dapB	1.17.1.8	COG0289	4-hydroxy-tetrahydrodipicolinate reductase
wDimm_00414	CDS	1005				hypothetical protein
wDimm_00415	CDS	810	znuB		COG1108	High-affinity zinc uptake system membrane protein ZnuB
wDimm_00416	CDS	327				hypothetical protein
wDimm_00417	CDS	867	ispE	2.7.1.148	COG1947	4-diphosphocytidyl-2-C-methyl-D-erythritol kinase
wDimm_00418	CDS	3315	addA	3.6.4.12		ATP-dependent helicase/nuclease subunit A
wDimm_00419	CDS	321				hypothetical protein
wDimm_00420	CDS	1638	pyrG	6.3.4.2	COG0504	CTP synthase
wDimm_00421	CDS	417	tadA	3.5.4.33	COG0590	tRNA-specific adenosine deaminase
wDimm_00422	CDS	1251	proP_1			Proline/betaine transporter
wDimm_00423	CDS	1407	murE	6.3.2.13	COG0769	UDP-N-acetylmuramoyl-L-alanyl-D-glutamate--2,6-diaminopimelate ligase
wDimm_00424	CDS	1200	aar	5.1.1.1	COG0626	L-alanine/L-glutamate racemase
wDimm_00425	CDS	285	bolA		COG0271	DNA-binding transcriptional regulator BolA
wDimm_00426	CDS	114				hypothetical protein
wDimm_00427	CDS	828	ctaE	1.9.3.1	COG1845	Cytochrome c oxidase subunit 3
wDimm_00428	CDS	1182	metK	2.5.1.6	COG0192	S-adenosylmethionine synthase
wDimm_00429	CDS	168				hypothetical protein
wDimm_00430	tRNA	77				tRNA-Ile(gat)
wDimm_00431	CDS	270	rpmA		COG0211	50S ribosomal protein L27
wDimm_00432	CDS	303	rplU		COG0261	50S ribosomal protein L21
wDimm_00433	CDS	1425	gatB	6.3.5.-	COG0064	Aspartyl/glutamyl-tRNA(Asn/Gln) amidotransferase subunit B
wDimm_00434	CDS	1920	dnaK		COG0443	Chaperone protein DnaK
wDimm_00435	CDS	1776	rne	3.1.26.12	COG1530	Ribonuclease E
wDimm_00436	CDS	201	rpmG		COG0267	50S ribosomal protein L33
wDimm_00437	CDS	276				hypothetical protein
wDimm_00438	CDS	210				hypothetical protein
wDimm_00439	tRNA	76				tRNA-Met(cat)
wDimm_00440	CDS	558				hypothetical protein
wDimm_00441	CDS	276				hypothetical protein
wDimm_00442	CDS	777				hypothetical protein
wDimm_00443	CDS	3336	dnaE1	2.7.7.7		DNA polymerase III subunit alpha
wDimm_00444	CDS	819				hypothetical protein
wDimm_00445	CDS	645				hypothetical protein
wDimm_00446	CDS	300				hypothetical protein
wDimm_00447	CDS	246				hypothetical protein
wDimm_00448	CDS	558				hypothetical protein
wDimm_00449	CDS	795	dapF	5.1.1.7	COG0253	Diaminopimelate epimerase
wDimm_00450	CDS	879	sucD	6.2.1.5	COG0074	Succinate--CoA ligase [ADP-forming] subunit alpha
wDimm_00451	CDS	1161	sucC	6.2.1.5		Succinate--CoA ligase [ADP-forming] subunit beta
wDimm_00452	CDS	201				hypothetical protein
wDimm_00453	CDS	504	secB		COG1952	Protein-export protein SecB
wDimm_00454	CDS	666				hypothetical protein
wDimm_00455	CDS	696	dnaQ	2.7.7.7	COG0847	DNA polymerase III subunit epsilon
wDimm_00456	CDS	618	ypmQ		COG1999	SCO1 protein 
wDimm_00457	CDS	1251	gltA	2.3.3.16	COG0372	Citrate synthase
wDimm_00458	CDS	270	rpsT		COG0268	30S ribosomal protein S20
wDimm_00459	CDS	744				hypothetical protein
wDimm_00460	CDS	987	xerD_2			Tyrosine recombinase XerD
wDimm_00461	CDS	171				hypothetical protein
wDimm_00462	CDS	654	dnaA_2			Chromosomal replication initiator protein DnaA
wDimm_00463	CDS	1074				hypothetical protein
wDimm_00464	CDS	2478	lon	3.4.21.53		Lon protease
wDimm_00465	CDS	1278	clpX			ATP-dependent Clp protease ATP-binding subunit ClpX
wDimm_00466	CDS	600	clpP	3.4.21.92	COG0740	ATP-dependent Clp protease proteolytic subunit
wDimm_00467	CDS	1344	tig	5.2.1.8	COG0544	Trigger factor
wDimm_00468	tRNA	83				tRNA-Leu(tag)
wDimm_00469	CDS	594				hypothetical protein
wDimm_00470	CDS	939	gshB	6.3.2.3	COG0189	Glutathione synthetase
wDimm_00471	CDS	1038	murG	2.4.1.227	COG0707	UDP-N-acetylglucosamine--N-acetylmuramyl-(pentapeptide) pyrophosphoryl-undecaprenol N-acetylglucosamine transferase
wDimm_00472	CDS	1386	lpd	1.8.1.4	COG1249	Dihydrolipoyl dehydrogenase
wDimm_00473	CDS	144				hypothetical protein
wDimm_00474	CDS	1377	pleD			Response regulator PleD
wDimm_00475	CDS	297				hypothetical protein
wDimm_00476	CDS	4734	gdh	1.4.1.2	COG2902	NAD-specific glutamate dehydrogenase
wDimm_00477	CDS	2562	clpB			Chaperone protein ClpB
wDimm_00478	CDS	873	lipA	2.8.1.8		Lipoyl synthase
wDimm_00479	CDS	315	rpmB		COG0227	50S ribosomal protein L28
wDimm_00480	CDS	342				hypothetical protein
wDimm_00481	CDS	195	iscX		COG2975	Protein IscX
wDimm_00482	tRNA	87				tRNA-Leu(taa)
wDimm_00483	CDS	615	rpsD		COG0522	30S ribosomal protein S4
wDimm_00484	CDS	2025	tktA	2.2.1.1	COG0021	Transketolase 1
wDimm_00485	CDS	837	prmC	2.1.1.297	COG2890	Release factor glutamine methyltransferase
wDimm_00486	CDS	114				hypothetical protein
wDimm_00487	CDS	99				hypothetical protein
wDimm_00488	CDS	1983	ccmF		COG1138	Cytochrome c-type biogenesis protein CcmF
wDimm_00489	CDS	882	secF			Protein translocase subunit SecF
wDimm_00490	CDS	1719	yidC			Membrane protein insertase YidC
wDimm_00491	CDS	429	ribH1	2.5.1.78	COG0054	6,7-dimethyl-8-ribityllumazine synthase 1
wDimm_00492	CDS	477	nusB			Transcription antitermination protein NusB
wDimm_00493	CDS	264	infA			Translation initiation factor IF-1
wDimm_00494	CDS	597	yhdE	3.6.1.9	COG0424	dTTP/UTP pyrophosphatase
wDimm_00495	CDS	135				hypothetical protein
wDimm_00496	CDS	1326	alsT_2		COG1115	Amino-acid carrier protein AlsT
wDimm_00497	CDS	879				hypothetical protein
wDimm_00498	CDS	2040	virD4			Protein VirD4
wDimm_00499	CDS	993			COG0630	Type IV secretion system protein VirB11
wDimm_00500	CDS	1482				hypothetical protein
wDimm_00501	CDS	807	virB9_1		COG3504	Type IV secretion system protein virB9
wDimm_00502	CDS	684				hypothetical protein
wDimm_00503	CDS	1083	ribA	3.5.4.25		GTP cyclohydrolase-2
wDimm_00504	tRNA	88				tRNA-Leu(gag)
wDimm_00505	CDS	1275				hypothetical protein
wDimm_00506	CDS	159				hypothetical protein
wDimm_00507	CDS	213				hypothetical protein
wDimm_00508	CDS	3042	purL_1	6.3.5.3		Phosphoribosylformylglycinamidine synthase subunit PurL
wDimm_00509	CDS	2697				hypothetical protein
wDimm_00510	CDS	156				hypothetical protein
wDimm_00511	CDS	1386	purF	2.4.2.14	COG0034	Amidophosphoribosyltransferase
wDimm_00512	CDS	585	nfuA			Fe/S biogenesis protein NfuA
wDimm_00513	CDS	1242	hisS	6.1.1.21	COG0124	Histidine--tRNA ligase
wDimm_00514	CDS	498				hypothetical protein
wDimm_00515	CDS	894	rpoH		COG0568	RNA polymerase sigma factor RpoH
wDimm_00516	CDS	711				hypothetical protein
wDimm_00517	CDS	333	ybaB		COG0718	Nucleoid-associated protein YbaB
wDimm_00518	CDS	1518	ruvB	3.6.4.12		Holliday junction ATP-dependent DNA helicase RuvB
wDimm_00519	CDS	528	fzlA			FtsZ-localized protein A
wDimm_00520	CDS	648	trmR	2.1.1.-		tRNA 5-hydroxyuridine methyltransferase
wDimm_00521	CDS	333				hypothetical protein
wDimm_00522	CDS	693				hypothetical protein
wDimm_00523	CDS	96				hypothetical protein
wDimm_00524	CDS	591				hypothetical protein
wDimm_00525	CDS	1302	fpgS	6.3.2.17		Folylpolyglutamate synthase
wDimm_00526	CDS	1164	lysC	2.7.2.4	COG0527	Aspartate kinase Ask_LysC
wDimm_00527	CDS	1263	tyrS	6.1.1.1	COG0162	Tyrosine--tRNA ligase
wDimm_00528	CDS	330	rsfS			Ribosomal silencing factor RsfS
wDimm_00529	CDS	486	rppH	3.6.1.-	COG0494	RNA pyrophosphohydrolase
wDimm_00530	CDS	786	ycfH	3.1.-.-	COG0084	putative metal-dependent hydrolase YcfH
wDimm_00531	CDS	951	mdh	1.1.1.37	COG0039	Malate dehydrogenase
wDimm_00532	CDS	573	nqo5	7.1.1.-	COG0852	NADH-quinone oxidoreductase chain 5
wDimm_00533	CDS	507	nuoB	7.1.1.-	COG0377	NADH-quinone oxidoreductase subunit B
wDimm_00534	CDS	354	ndhC	7.1.1.-		NAD(P)H-quinone oxidoreductase subunit 3
wDimm_00535	CDS	369			COG0537	putative HIT-like protein
wDimm_00536	CDS	906				hypothetical protein
wDimm_00537	CDS	1419	murF	6.3.2.10	COG0770	UDP-N-acetylmuramoyl-tripeptide--D-alanyl-D-alanine ligase
wDimm_00538	CDS	171				hypothetical protein
wDimm_00539	tRNA	75				tRNA-Arg(tct)
wDimm_00540	CDS	681	rpe	5.1.3.1		Ribulose-phosphate 3-epimerase
wDimm_00541	CDS	2268	pnp	2.7.7.8	COG1185	Polyribonucleotide nucleotidyltransferase
wDimm_00542	CDS	273	rpsO			30S ribosomal protein S15
wDimm_00543	CDS	186				hypothetical protein
wDimm_00544	CDS	210	truB	5.4.99.25		tRNA pseudouridine synthase B
wDimm_00545	CDS	714				hypothetical protein
wDimm_00546	CDS	1188	nifS	2.8.1.7	COG1104	Cysteine desulfurase NifS
wDimm_00547	CDS	699				hypothetical protein
wDimm_00548	CDS	675	lolD	3.6.3.-	COG1136	Lipoprotein-releasing system ATP-binding protein LolD
wDimm_00549	CDS	465	erpA		COG0316	Iron-sulfur cluster insertion protein ErpA
wDimm_00550	CDS	1200				Deoxyguanosinetriphosphate triphosphohydrolase-like protein
wDimm_00551	CDS	339	ribD		COG0117	Riboflavin biosynthesis protein RibD
wDimm_00552	CDS	204				hypothetical protein
wDimm_00553	CDS	1914	mnmG		COG0445	tRNA uridine 5-carboxymethylaminomethyl modification enzyme MnmG
wDimm_00554	CDS	1818				hypothetical protein
wDimm_00555	CDS	372				hypothetical protein
wDimm_00556	CDS	984	fabH	2.3.1.180	COG0332	3-oxoacyl-[acyl-carrier-protein] synthase 3
wDimm_00557	CDS	1098	plsX	2.3.1.274	COG0416	Phosphate acyltransferase
wDimm_00558	CDS	183	rpmF		COG0333	50S ribosomal protein L32
wDimm_00559	CDS	390	ccmE		COG2332	Cytochrome c-type biogenesis protein CcmE
wDimm_00560	CDS	138				hypothetical protein
wDimm_00561	CDS	792	birA	6.3.4.15	COG0340	Bifunctional ligase/repressor BirA
wDimm_00562	CDS	1395	ndhB_1	7.1.1.-		NAD(P)H-quinone oxidoreductase subunit 2, chloroplastic
wDimm_00563	CDS	1404	ndhD1	7.1.1.-	COG1008	NAD(P)H-quinone oxidoreductase chain 4 1
wDimm_00564	CDS	1857	nuoL	7.1.1.-	COG1009	NADH-quinone oxidoreductase subunit L
wDimm_00565	CDS	309	nuoK	7.1.1.-	COG0713	NADH-quinone oxidoreductase subunit K
wDimm_00566	CDS	588	nuoJ	7.1.1.-	COG0839	NADH-quinone oxidoreductase subunit J
wDimm_00567	CDS	1863				hypothetical protein
wDimm_00568	CDS	711				hypothetical protein
wDimm_00569	CDS	822	yqfL	2.7.11.32	COG1806	Putative pyruvate, phosphate dikinase regulatory protein
wDimm_00570	CDS	129				hypothetical protein
wDimm_00571	CDS	609				hypothetical protein
wDimm_00572	CDS	1461	pepA	3.4.11.1	COG0260	putative cytosol aminopeptidase
wDimm_00573	CDS	1416	rho	3.6.4.-	COG1158	Transcription termination factor Rho
wDimm_00574	CDS	612				hypothetical protein
wDimm_00575	CDS	1809	surA_1	5.2.1.8		Chaperone SurA
wDimm_00576	CDS	831	ubiA	2.5.1.39	COG0382	4-hydroxybenzoate octaprenyltransferase
wDimm_00577	CDS	348	rbfA			Ribosome-binding factor A
wDimm_00578	CDS	2319	infB			Translation initiation factor IF-2
wDimm_00579	CDS	1563	nusA		COG0195	Transcription termination/antitermination protein NusA
wDimm_00580	CDS	180				hypothetical protein
wDimm_00581	CDS	105				hypothetical protein
wDimm_00582	CDS	141				hypothetical protein
wDimm_00583	CDS	2619	acnA	4.2.1.3	COG1048	Aconitate hydratase A
wDimm_00584	CDS	1362	iscS	2.8.1.7	COG1104	Cysteine desulfurase IscS
wDimm_00585	CDS	996	hemB	4.2.1.24	COG0113	Delta-aminolevulinic acid dehydratase
wDimm_00586	CDS	948	dapA	4.3.3.7	COG0329	4-hydroxy-tetrahydrodipicolinate synthase
wDimm_00587	CDS	474				Single-stranded DNA-binding protein
wDimm_00588	tRNA	76				tRNA-Arg(ccg)
wDimm_00589	CDS	165				hypothetical protein
wDimm_00590	CDS	111				hypothetical protein
wDimm_00591	CDS	249				hypothetical protein
wDimm_00592	CDS	186				hypothetical protein
wDimm_00593	CDS	645				hypothetical protein
wDimm_00594	CDS	1743	prsD			Type I secretion system ATP-binding protein PrsD
wDimm_00595	CDS	1008	tsaD	2.3.1.234	COG0533	tRNA N6-adenosine threonylcarbamoyltransferase
wDimm_00596	CDS	1005	ddl	6.3.2.4	COG1181	D-alanine--D-alanine ligase
wDimm_00597	CDS	720	ftsQ			Cell division protein FtsQ
wDimm_00598	CDS	375	rpsL			30S ribosomal protein S12
wDimm_00599	CDS	480	rpsG		COG0049	30S ribosomal protein S7
wDimm_00600	CDS	2085	fusA		COG0480	Elongation factor G
wDimm_00601	CDS	1173	tufA_2		COG0050	Elongation factor Tu
wDimm_00602	tRNA	74				tRNA-Trp(cca)
wDimm_00603	CDS	201				hypothetical protein
wDimm_00604	CDS	831	nusG			Transcription termination/antitermination protein NusG
wDimm_00605	CDS	441	rplK		COG0080	50S ribosomal protein L11
wDimm_00606	CDS	660	rplA		COG0081	50S ribosomal protein L1
wDimm_00607	CDS	534	rplJ		COG0244	50S ribosomal protein L10
wDimm_00608	CDS	402	rplL			50S ribosomal protein L7/L12
wDimm_00609	CDS	8523	rpoBC	2.7.7.6	COG0085	Bifunctional DNA-directed RNA polymerase subunit beta-beta'
wDimm_00610	CDS	792	map	3.4.11.18	COG0024	Methionine aminopeptidase
wDimm_00611	CDS	1266	cshA	3.6.4.13	COG0513	DEAD-box ATP-dependent RNA helicase CshA
wDimm_00612	CDS	255	cspA		COG1278	Cold shock protein CspA
wDimm_00613	CDS	1335	pmbA	3.4.-.-	COG0312	Metalloprotease PmbA
wDimm_00614	CDS	873	atpG		COG0224	ATP synthase gamma chain
wDimm_00615	CDS	1680	mutL			DNA mismatch repair protein MutL
wDimm_00616	CDS	492	purE	5.4.99.18	COG0041	N5-carboxyaminoimidazole ribonucleotide mutase
wDimm_00617	CDS	282				hypothetical protein
wDimm_00618	CDS	405	rpoZ	2.7.7.6		DNA-directed RNA polymerase subunit omega
wDimm_00619	CDS	249				hypothetical protein
wDimm_00620	CDS	288				hypothetical protein
wDimm_00621	CDS	522				hypothetical protein
wDimm_00622	CDS	429				hypothetical protein
wDimm_00623	CDS	291	mnhC1		COG1006	Na(+)/H(+) antiporter subunit C1
wDimm_00624	CDS	1935	rpoD		COG0568	RNA polymerase sigma factor RpoD
wDimm_00625	CDS	2553				hypothetical protein
wDimm_00626	CDS	1488	murJ		COG0728	putative lipid II flippase MurJ
wDimm_00627	tRNA	75				tRNA-His(gtg)
wDimm_00628	CDS	552	pth	3.1.1.29	COG0193	Peptidyl-tRNA hydrolase
wDimm_00629	CDS	612	rplY			50S ribosomal protein L25
wDimm_00630	CDS	462				hypothetical protein
wDimm_00631	CDS	1239	glmU			Bifunctional protein GlmU
wDimm_00632	CDS	1047	pheS	6.1.1.20	COG0016	Phenylalanine--tRNA ligase alpha subunit
wDimm_00633	CDS	585				hypothetical protein
wDimm_00634	CDS	465	smpB			SsrA-binding protein
wDimm_00635	CDS	789	lgt	2.5.1.145	COG0682	Phosphatidylglycerol--prolipoprotein diacylglyceryl transferase
wDimm_00636	CDS	1173	nuoD	7.1.1.-	COG0649	NADH-quinone oxidoreductase subunit D
wDimm_00637	CDS	771	virB9_2			Type IV secretion system protein virB9
wDimm_00638	tRNA	75				tRNA-Met(cat)
wDimm_00639	CDS	594	pdxH	1.4.3.5	COG0259	Pyridoxine/pyridoxamine 5'-phosphate oxidase
wDimm_00640	CDS	888	mutM	3.2.2.23	COG0266	Formamidopyrimidine-DNA glycosylase
wDimm_00641	CDS	222				hypothetical protein
wDimm_00642	tRNA	74				tRNA-Thr(ggt)
wDimm_00643	CDS	1527	pccB	6.4.1.3	COG4799	Propionyl-CoA carboxylase beta chain
wDimm_00644	CDS	114				hypothetical protein
wDimm_00645	CDS	627	ccmA	7.6.2.5	COG4133	Cytochrome c biogenesis ATP-binding export protein CcmA
wDimm_00646	CDS	468				hypothetical protein
wDimm_00647	CDS	1803	aspS	6.1.1.12		Aspartate--tRNA ligase
wDimm_00648	CDS	1221	proP_2			Proline/betaine transporter
wDimm_00649	CDS	510	infC			Translation initiation factor IF-3
wDimm_00650	CDS	1902	thrS	6.1.1.3	COG0441	Threonine--tRNA ligase
wDimm_00651	CDS	483	nuoI	7.1.1.-	COG1143	NADH-quinone oxidoreductase subunit I
wDimm_00652	CDS	804	fabI	1.3.1.9	COG0623	Enoyl-[acyl-carrier-protein] reductase [NADH] FabI
wDimm_00653	CDS	1638	rnj1	3.1.-.-		Ribonuclease J 1
wDimm_00654	CDS	147				hypothetical protein
wDimm_00655	CDS	1275	nuoF	7.1.1.-		NADH-quinone oxidoreductase subunit F
wDimm_00656	CDS	666	nth	4.2.99.18	COG0177	Endonuclease III
wDimm_00657	CDS	189				hypothetical protein
wDimm_00658	CDS	1431	icd	1.1.1.42	COG0473	Isocitrate dehydrogenase [NADP]
wDimm_00659	tRNA	75				tRNA-Pro(tgg)
wDimm_00660	CDS	978		1.3.1.103		2-haloacrylate reductase
wDimm_00661	CDS	1917	pcrA	3.6.4.12		ATP-dependent DNA helicase PcrA
wDimm_00662	tRNA	75				tRNA-Met(cat)
wDimm_00663	CDS	324	trxA		COG0526	Thioredoxin
wDimm_00664	CDS	621	rnd_2	3.1.13.5		Ribonuclease D
wDimm_00665	tRNA	74				tRNA-Gly(gcc)
wDimm_00666	CDS	339	bamE			Outer membrane protein assembly factor BamE
wDimm_00667	CDS	996	nrdB	1.17.4.1	COG0208	Ribonucleoside-diphosphate reductase subunit beta
wDimm_00668	CDS	2652	secA		COG0653	Protein translocase subunit SecA
wDimm_00669	CDS	174				hypothetical protein
wDimm_00670	CDS	1155	sucB	2.3.1.61	COG0508	Dihydrolipoyllysine-residue succinyltransferase component of 2-oxoglutarate dehydrogenase complex
wDimm_00671	CDS	165				hypothetical protein
wDimm_00672	CDS	750				hypothetical protein
wDimm_00673	CDS	600	OSGEPL1	2.3.1.234		tRNA N6-adenosine threonylcarbamoyltransferase, mitochondrial
wDimm_00674	CDS	162				hypothetical protein
wDimm_00675	CDS	297				hypothetical protein
wDimm_00676	CDS	135				hypothetical protein
wDimm_00677	CDS	633	sodB	1.15.1.1		Superoxide dismutase [Fe]
wDimm_00678	CDS	1275		3.4.24.-	COG0612	putative zinc protease
wDimm_00679	CDS	474	yceJ		COG3038	Cytochrome b561 
wDimm_00680	CDS	1041		1.6.5.11	COG2070	NADH:quinone reductase
wDimm_00681	CDS	378				hypothetical protein
wDimm_00682	CDS	2361	virB4_2		COG3451	Type IV secretion system protein virB4
wDimm_00683	CDS	2847				hypothetical protein
wDimm_00684	CDS	1266	pdhC	2.3.1.12	COG0508	Dihydrolipoyllysine-residue acetyltransferase component of pyruvate dehydrogenase complex
wDimm_00685	CDS	309				hypothetical protein
wDimm_00686	CDS	369				hypothetical protein
wDimm_00687	CDS	234				hypothetical protein
wDimm_00688	CDS	237				hypothetical protein
wDimm_00689	CDS	999	trpS	6.1.1.2	COG0180	Tryptophan--tRNA ligase
wDimm_00690	CDS	567	grpE			Protein GrpE
wDimm_00691	CDS	1029	ispB	2.5.1.90	COG0142	Octaprenyl diphosphate synthase
wDimm_00692	CDS	321				hypothetical protein
wDimm_00693	CDS	912	ftsY		COG0552	Signal recognition particle receptor FtsY
wDimm_00694	CDS	393	iscU		COG0822	Iron-sulfur cluster assembly scaffold protein IscU
wDimm_00695	CDS	405	iscA		COG0316	Iron-binding protein IscA
wDimm_00696	CDS	495	hscB			Co-chaperone protein HscB
wDimm_00697	CDS	1788	hscA		COG0443	Chaperone protein HscA
wDimm_00698	CDS	720	lepB	3.4.21.89	COG0681	Signal peptidase I
wDimm_00699	CDS	1230	argD	2.6.1.11	COG4992	Acetylornithine aminotransferase
wDimm_00700	CDS	1287				hypothetical protein
wDimm_00701	CDS	258				hypothetical protein
wDimm_00702	CDS	627	ubiX	2.5.1.129	COG0163	Flavin prenyltransferase UbiX
wDimm_00703	CDS	882	folD			Bifunctional protein FolD protein
wDimm_00704	CDS	1575	mrdA	3.4.16.4	COG0768	Peptidoglycan D,D-transpeptidase MrdA
wDimm_00705	CDS	903				hypothetical protein
wDimm_00706	CDS	1275	proS	6.1.1.15	COG0442	Proline--tRNA ligase
wDimm_00707	CDS	378	acpS	2.7.8.7	COG0736	Holo-[acyl-carrier-protein] synthase
wDimm_00708	CDS	1278	murA	2.5.1.7	COG0766	UDP-N-acetylglucosamine 1-carboxyvinyltransferase
wDimm_00709	CDS	864	thyX	2.1.1.148	COG1351	Flavin-dependent thymidylate synthase
wDimm_00710	CDS	210				hypothetical protein
wDimm_00711	CDS	111				hypothetical protein
wDimm_00712	CDS	117				hypothetical protein
wDimm_00713	tRNA	73				tRNA-Val(tac)
wDimm_00714	CDS	2703	gyrA	5.6.2.2	COG0188	DNA gyrase subunit A
wDimm_00715	CDS	621	petA	7.1.1.8	COG0723	Ubiquinol-cytochrome c reductase iron-sulfur subunit
wDimm_00716	CDS	1152	surA_2	5.2.1.8		Chaperone SurA
wDimm_00717	CDS	1368	mnmE	3.6.-.-	COG0486	tRNA modification GTPase MnmE
wDimm_00718	tRNA	90				tRNA-Ser(tga)
wDimm_00719	CDS	612	tmk	2.7.4.9	COG0125	Thymidylate kinase
wDimm_00720	CDS	573				hypothetical protein
wDimm_00721	CDS	1719	kefC		COG0475	Glutathione-regulated potassium-efflux system protein KefC
wDimm_00722	CDS	2451	topA	5.6.2.1		DNA topoisomerase 1
wDimm_00723	CDS	153				hypothetical protein
wDimm_00724	CDS	834				hypothetical protein
wDimm_00725	CDS	1599				hypothetical protein
wDimm_00726	CDS	405	apaG		COG2967	Protein ApaG
wDimm_00727	CDS	1047	purK	6.3.4.18		N5-carboxyaminoimidazole ribonucleotide synthase
wDimm_00728	CDS	1029	asd2	1.2.1.11	COG0136	Aspartate-semialdehyde dehydrogenase 2
wDimm_00729	CDS	426				hypothetical protein
wDimm_00730	CDS	1275	adiC_1		COG0531	Arginine/agmatine antiporter
wDimm_00731	CDS	1275	adiC_2		COG0531	Arginine/agmatine antiporter
wDimm_00732	CDS	339	ispH_1	1.17.7.4	COG0761	4-hydroxy-3-methylbut-2-enyl diphosphate reductase
wDimm_00733	CDS	531	ispH_2	1.17.7.4	COG0761	4-hydroxy-3-methylbut-2-enyl diphosphate reductase
wDimm_00734	CDS	204				hypothetical protein
wDimm_00735	CDS	366				hypothetical protein
wDimm_00736	CDS	714	elbB	4.2.1.-	COG3155	Glyoxalase ElbB
wDimm_00737	CDS	177				hypothetical protein
wDimm_00738	CDS	1344	ffh		COG0541	Signal recognition particle protein
wDimm_00739	CDS	1548	ndhB_2	7.1.1.-		NAD(P)H-quinone oxidoreductase subunit 2, chloroplastic
wDimm_00740	CDS	2898				hypothetical protein
wDimm_00741	CDS	441	fabZ	4.2.1.59	COG0764	3-hydroxyacyl-[acyl-carrier-protein] dehydratase FabZ
wDimm_00742	CDS	561				hypothetical protein
wDimm_00743	CDS	2343	bamA		COG4775	Outer membrane protein assembly factor BamA
wDimm_00744	CDS	1125	mmpA	3.4.24.-	COG0750	Metalloprotease MmpA
wDimm_00745	CDS	273				hypothetical protein
wDimm_00746	CDS	135				hypothetical protein
wDimm_00747	CDS	132				hypothetical protein
wDimm_00748	CDS	1653	rpsA		COG0539	30S ribosomal protein S1
wDimm_00749	tRNA	75				tRNA-Ala(tgc)
wDimm_00750	tRNA	76				tRNA-Lys(ttt)
wDimm_00751	CDS	738	truA	5.4.99.12	COG0101	tRNA pseudouridine synthase A
wDimm_00752	CDS	1110	dnaN			Beta sliding clamp
wDimm_00753	CDS	2121				hypothetical protein
wDimm_00754	CDS	981	mraY	2.7.8.13	COG0472	Phospho-N-acetylmuramoyl-pentapeptide-transferase
wDimm_00755	CDS	597	rnhB	3.1.26.4	COG0164	Ribonuclease HII
wDimm_00756	CDS	669				hypothetical protein
wDimm_00757	CDS	831				hypothetical protein
wDimm_00758	CDS	585	ywlC	2.7.7.87	COG0009	Threonylcarbamoyl-AMP synthase
wDimm_00759	CDS	417	yajC		COG1862	Sec translocon accessory complex subunit YajC
wDimm_00760	CDS	1821	nodM	2.6.1.16		Glutamine--fructose-6-phosphate aminotransferase [isomerizing]
wDimm_00761	CDS	885	era		COG1159	GTPase Era
wDimm_00762	CDS	828				hypothetical protein
wDimm_00763	CDS	927	prs	2.7.6.1	COG0462	Ribose-phosphate pyrophosphokinase
wDimm_00764	CDS	354	GATC	6.3.5.-		Glutamyl-tRNA(Gln) amidotransferase subunit C, chloroplastic/mitochondrial
wDimm_00765	CDS	1227	mtaB	2.8.4.5	COG0621	Threonylcarbamoyladenosine tRNA methylthiotransferase MtaB
wDimm_00766	CDS	810				hypothetical protein
wDimm_00767	CDS	897	zitB		COG1230	Zinc transporter ZitB
wDimm_00768	tRNA	74				tRNA-Val(gac)
wDimm_00769	CDS	105				hypothetical protein
wDimm_00770	CDS	183				hypothetical protein
wDimm_00771	CDS	900	pyrB	2.1.3.2		Aspartate carbamoyltransferase
wDimm_00772	CDS	1032	idiA		COG1840	Iron deficiency-induced protein A
wDimm_00773	CDS	795	nadK	2.7.1.23	COG0061	NAD kinase
wDimm_00774	CDS	213	rpmE		COG0254	50S ribosomal protein L31
wDimm_00775	CDS	981	fabD	2.3.1.39	COG0331	Malonyl CoA-acyl carrier protein transacylase
wDimm_00776	CDS	1521	gpmI	5.4.2.12	COG0696	2,3-bisphosphoglycerate-independent phosphoglycerate mutase
wDimm_00777	CDS	153				hypothetical protein
wDimm_00778	CDS	726	rsmH	2.1.1.199	COG0275	Ribosomal RNA small subunit methyltransferase H
wDimm_00779	CDS	132				hypothetical protein
wDimm_00780	CDS	672	rlpA	4.2.2.-		Endolytic peptidoglycan transglycosylase RlpA
wDimm_00781	CDS	1458	murC	6.3.2.8	COG0773	UDP-N-acetylmuramate--L-alanine ligase
wDimm_00782	CDS	1275	eno	4.2.1.11		Enolase
wDimm_00783	CDS	1023	obg	3.6.5.-		GTPase Obg
wDimm_00784	tmRNA	337	ssrA			transfer-messenger RNA, SsrA
wDimm_00785	CDS	618	lipB	2.3.1.181	COG0321	Octanoyltransferase
wDimm_00786	CDS	798	purL_2	6.3.5.3	COG0046	Phosphoribosylformylglycinamidine synthase
wDimm_00787	CDS	1257				hypothetical protein
wDimm_00788	CDS	378	rplS		COG0335	50S ribosomal protein L19
wDimm_00789	CDS	708	trmD	2.1.1.228	COG0336	tRNA (guanine-N(1)-)-methyltransferase
wDimm_00790	CDS	723	purC	6.3.2.6	COG0152	Phosphoribosylaminoimidazole-succinocarboxamide synthase
wDimm_00791	CDS	1038	purM	6.3.3.1		Phosphoribosylformylglycinamidine cyclo-ligase
wDimm_00792	CDS	294				hypothetical protein
wDimm_00793	CDS	360				hypothetical protein
wDimm_00794	CDS	720	tlyC		COG1253	Hemolysin C
